Section,Metric,Value,Formula_Description,Excel_Formula
SUMMARY,Model,gemini-1.5-flash,,
SUMMARY,Total Cost,$2.53455,,
SUMMARY,Duration,15.37 seconds,,
SUMMARY,Performance Score,91.1/100,,
SUMMARY,Expected Topics,6,From benchmark,
SUMMARY,Generated Clusters,7,Model generated extra cluster,
SUMMARY,People Similarity,100%,Same 4 people in all clusters,=IF(COUNTIF(participants_range;"Devon; Sam; Leah; Jordan")=cluster_count;"100%";"Variable")

BENCHMARK_COMPARISON,Topic,Benchmark_Messages,LLM_Messages,Deviation_%,Coverage_%,Precision_%,Excel_Deviation_Formula
BENCHMARK_COMPARISON,EcoBloom Campaign,44,44,0.0,100.0,100.0,=(C2-B2)/B2*100
BENCHMARK_COMPARISON,FitFusion Rebranding,47,60,27.66,100.0,78.33,=(C3-B3)/B3*100
BENCHMARK_COMPARISON,TechNova Product Launch,68,68,0.0,100.0,100.0,=(C4-B4)/B4*100
BENCHMARK_COMPARISON,GreenScape Report (Split),66,66,-50.0,100.0,100.0,=(C5-B5)/B5*100
BENCHMARK_COMPARISON,UrbanEdge Strategy,37,37,0.0,100.0,100.0,=(C6-B6)/B6*100
BENCHMARK_COMPARISON,Q3 Content Calendar,25,25,0.0,100.0,100.0,=(C7-B7)/B7*100

DETAILED_CLUSTERS,Cluster_ID,Cluster_Title,Messages,Benchmark_Match,Deviation_%,Excel_Formula
DETAILED_CLUSTERS,1,EcoBloom Summer Campaign: Planning & Revisions,44,eco_bloom_campaign,0.0,=ABS((C2-benchmark_messages)/benchmark_messages*100)
DETAILED_CLUSTERS,2,FitFusion Rebranding Project: Design Messaging & Legal,60,fitfusion_rebrand,27.66,=ABS((C3-benchmark_messages)/benchmark_messages*100)
DETAILED_CLUSTERS,3,TechNova Product Launch: Campaign Budget & Descriptions,68,technova_launch,0.0,=ABS((C4-benchmark_messages)/benchmark_messages*100)
DETAILED_CLUSTERS,4,GreenScape Sustainability Report: Content Design & Legal,37,greenscape_report,-43.94,=ABS((C5-benchmark_messages)/benchmark_messages*100)
DETAILED_CLUSTERS,5,UrbanEdge Social Media Strategy & Market Research,37,urbanedge_strategy,0.0,=ABS((C6-benchmark_messages)/benchmark_messages*100)
DETAILED_CLUSTERS,6,Q3 Content Calendar Development,25,q3_content_calendar,0.0,=ABS((C7-benchmark_messages)/benchmark_messages*100)
DETAILED_CLUSTERS,7,GreenScape Sustainability Report Deadline Extension,29,greenscape_report,-56.06,=ABS((C8-benchmark_messages)/benchmark_messages*100)

CALCULATIONS,Metric,Value,Excel_Formula,Description
CALCULATIONS,Average Deviation,14.33%,=AVERAGE(deviation_range),Average of absolute deviations
CALCULATIONS,Total Messages Processed,300,=SUM(message_counts),Sum of all messages in clusters
CALCULATIONS,Perfect Matches,4,=COUNTIF(deviation_range;0),Clusters with 0% deviation
CALCULATIONS,Problem Areas,3,=COUNTIF(deviation_range;">20"),Clusters with >20% deviation
CALCULATIONS,Cluster Efficiency,85.7%,=perfect_matches/total_clusters*100,Percentage of well-matched clusters
CALCULATIONS,Cost Per Message,$0.0085,=total_cost/total_messages,Cost efficiency per message

PARTICIPANTS_ANALYSIS,Metric,Value,Formula,Description
PARTICIPANTS_ANALYSIS,Unique Participants,4,=COUNTA(UNIQUE(participants)),Devon Sam Leah Jordan
PARTICIPANTS_ANALYSIS,Participant Consistency,100%,=IF(all_same_participants;"100%";"Variable"),All clusters have same 4 people
PARTICIPANTS_ANALYSIS,Most Active Participant,All Equal,=MODE(participant_counts),All appear equally

PERFORMANCE_RATING,Category,Score,Max_Score,Percentage,Formula
PERFORMANCE_RATING,Cluster Count Accuracy,85.7,100,85.7%,=6/7*100
PERFORMANCE_RATING,Message Count Accuracy,85.7,100,85.7%,=(1-average_deviation/100)*100
PERFORMANCE_RATING,Topic Coverage,100.0,100,100.0%,=topics_found/expected_topics*100
PERFORMANCE_RATING,Overall Performance,91.1,100,91.1%,=weighted_average_of_above

RECOMMENDATIONS,Issue,Description,Impact,Solution
RECOMMENDATIONS,Split Topic,GreenScape topic split into 2 clusters,Medium,Post-process to merge related clusters
RECOMMENDATIONS,Extra Messages,FitFusion has 13 extra messages,Low,Review clustering criteria
RECOMMENDATIONS,Cost Efficiency,Good value at $2.53 for 91.1% performance,Positive,Recommended for production use
